case_id,filename,why_selected,quality_rating
all,"Croppedmicrograph1.png",all_images_user_approved,5
all,"Croppedmicrograph10.png",all_images_user_approved,5
all,"Croppedmicrograph1001.png",all_images_user_approved,5
all,"Croppedmicrograph1003.png",all_images_user_approved,5
all,"Croppedmicrograph1005.png",all_images_user_approved,5
all,"Croppedmicrograph1006.png",all_images_user_approved,5
all,"Croppedmicrograph1008.png",all_images_user_approved,5
all,"Croppedmicrograph1009.png",all_images_user_approved,5
all,"Croppedmicrograph1010.png",all_images_user_approved,5
all,"Croppedmicrograph1011.png",all_images_user_approved,5
all,"Croppedmicrograph1012.png",all_images_user_approved,5
all,"Croppedmicrograph1013.png",all_images_user_approved,5
all,"Croppedmicrograph1015.png",all_images_user_approved,5
all,"Croppedmicrograph1017.png",all_images_user_approved,5
all,"Croppedmicrograph1018.png",all_images_user_approved,5
all,"Croppedmicrograph1019.png",all_images_user_approved,5
all,"Croppedmicrograph1020.png",all_images_user_approved,5
all,"Croppedmicrograph1022.png",all_images_user_approved,5
all,"Croppedmicrograph1023.png",all_images_user_approved,5
all,"Croppedmicrograph1025.png",all_images_user_approved,5
all,"Croppedmicrograph1026.png",all_images_user_approved,5
all,"Croppedmicrograph1027.png",all_images_user_approved,5
all,"Croppedmicrograph1028.png",all_images_user_approved,5
all,"Croppedmicrograph1030.png",all_images_user_approved,5
all,"Croppedmicrograph1031.png",all_images_user_approved,5
all,"Croppedmicrograph1032.png",all_images_user_approved,5
all,"Croppedmicrograph1033.png",all_images_user_approved,5
all,"Croppedmicrograph1035.png",all_images_user_approved,5
all,"Croppedmicrograph1038.png",all_images_user_approved,5
all,"Croppedmicrograph1039.png",all_images_user_approved,5
all,"Croppedmicrograph104.png",all_images_user_approved,5
all,"Croppedmicrograph1040.png",all_images_user_approved,5
all,"Croppedmicrograph1045.png",all_images_user_approved,5
all,"Croppedmicrograph1046.png",all_images_user_approved,5
all,"Croppedmicrograph1048.png",all_images_user_approved,5
all,"Croppedmicrograph1049.png",all_images_user_approved,5
all,"Croppedmicrograph1052.png",all_images_user_approved,5
all,"Croppedmicrograph1053.png",all_images_user_approved,5
all,"Croppedmicrograph1054.png",all_images_user_approved,5
all,"Croppedmicrograph1055.png",all_images_user_approved,5
all,"Croppedmicrograph1056.png",all_images_user_approved,5
all,"Croppedmicrograph1057.png",all_images_user_approved,5
all,"Croppedmicrograph1058.png",all_images_user_approved,5
all,"Croppedmicrograph1059.png",all_images_user_approved,5
all,"Croppedmicrograph106.png",all_images_user_approved,5
all,"Croppedmicrograph1061.png",all_images_user_approved,5
all,"Croppedmicrograph1062.png",all_images_user_approved,5
all,"Croppedmicrograph1063.png",all_images_user_approved,5
all,"Croppedmicrograph1064.png",all_images_user_approved,5
all,"Croppedmicrograph1068.png",all_images_user_approved,5
all,"Croppedmicrograph107.png",all_images_user_approved,5
all,"Croppedmicrograph1072.png",all_images_user_approved,5
all,"Croppedmicrograph1075.png",all_images_user_approved,5
all,"Croppedmicrograph1076.png",all_images_user_approved,5
all,"Croppedmicrograph1077.png",all_images_user_approved,5
all,"Croppedmicrograph1078.png",all_images_user_approved,5
all,"Croppedmicrograph1079.png",all_images_user_approved,5
all,"Croppedmicrograph1080.png",all_images_user_approved,5
all,"Croppedmicrograph1082.png",all_images_user_approved,5
all,"Croppedmicrograph1083.png",all_images_user_approved,5
all,"Croppedmicrograph109.png",all_images_user_approved,5
all,"Croppedmicrograph1092.png",all_images_user_approved,5
all,"Croppedmicrograph1093.png",all_images_user_approved,5
all,"Croppedmicrograph1094.png",all_images_user_approved,5
all,"Croppedmicrograph1096.png",all_images_user_approved,5
all,"Croppedmicrograph1097.png",all_images_user_approved,5
all,"Croppedmicrograph1098.png",all_images_user_approved,5
all,"Croppedmicrograph11.png",all_images_user_approved,5
all,"Croppedmicrograph1100.png",all_images_user_approved,5
all,"Croppedmicrograph1101.png",all_images_user_approved,5
all,"Croppedmicrograph1102.png",all_images_user_approved,5
all,"Croppedmicrograph1103.png",all_images_user_approved,5
all,"Croppedmicrograph1104.png",all_images_user_approved,5
all,"Croppedmicrograph1105.png",all_images_user_approved,5
all,"Croppedmicrograph1106.png",all_images_user_approved,5
all,"Croppedmicrograph1109.png",all_images_user_approved,5
all,"Croppedmicrograph111.png",all_images_user_approved,5
all,"Croppedmicrograph1111.png",all_images_user_approved,5
all,"Croppedmicrograph1112.png",all_images_user_approved,5
all,"Croppedmicrograph1117.png",all_images_user_approved,5
all,"Croppedmicrograph1119.png",all_images_user_approved,5
all,"Croppedmicrograph112.png",all_images_user_approved,5
all,"Croppedmicrograph1120.png",all_images_user_approved,5
all,"Croppedmicrograph1123.png",all_images_user_approved,5
all,"Croppedmicrograph1126.png",all_images_user_approved,5
all,"Croppedmicrograph1127.png",all_images_user_approved,5
all,"Croppedmicrograph1128.png",all_images_user_approved,5
all,"Croppedmicrograph1129.png",all_images_user_approved,5
all,"Croppedmicrograph113.png",all_images_user_approved,5
all,"Croppedmicrograph1134.png",all_images_user_approved,5
all,"Croppedmicrograph1136.png",all_images_user_approved,5
all,"Croppedmicrograph1138.png",all_images_user_approved,5
all,"Croppedmicrograph1139.png",all_images_user_approved,5
all,"Croppedmicrograph114.png",all_images_user_approved,5
all,"Croppedmicrograph1140.png",all_images_user_approved,5
all,"Croppedmicrograph1142.png",all_images_user_approved,5
all,"Croppedmicrograph1144.png",all_images_user_approved,5
all,"Croppedmicrograph1145.png",all_images_user_approved,5
all,"Croppedmicrograph1146.png",all_images_user_approved,5
all,"Croppedmicrograph1150.png",all_images_user_approved,5
all,"Croppedmicrograph1152.png",all_images_user_approved,5
all,"Croppedmicrograph1155.png",all_images_user_approved,5
all,"Croppedmicrograph1156.png",all_images_user_approved,5
all,"Croppedmicrograph1157.png",all_images_user_approved,5
all,"Croppedmicrograph1159.png",all_images_user_approved,5
all,"Croppedmicrograph1161.png",all_images_user_approved,5
all,"Croppedmicrograph1162.png",all_images_user_approved,5
all,"Croppedmicrograph1163.png",all_images_user_approved,5
all,"Croppedmicrograph1164.png",all_images_user_approved,5
all,"Croppedmicrograph1165.png",all_images_user_approved,5
all,"Croppedmicrograph1167.png",all_images_user_approved,5
all,"Croppedmicrograph1168.png",all_images_user_approved,5
all,"Croppedmicrograph1173.png",all_images_user_approved,5
all,"Croppedmicrograph1174.png",all_images_user_approved,5
all,"Croppedmicrograph1176.png",all_images_user_approved,5
all,"Croppedmicrograph1177.png",all_images_user_approved,5
all,"Croppedmicrograph1180.png",all_images_user_approved,5
all,"Croppedmicrograph1182.png",all_images_user_approved,5
all,"Croppedmicrograph1183.png",all_images_user_approved,5
all,"Croppedmicrograph1185.png",all_images_user_approved,5
all,"Croppedmicrograph1186.png",all_images_user_approved,5
all,"Croppedmicrograph1188.png",all_images_user_approved,5
all,"Croppedmicrograph1189.png",all_images_user_approved,5
all,"Croppedmicrograph119.png",all_images_user_approved,5
all,"Croppedmicrograph1192.png",all_images_user_approved,5
all,"Croppedmicrograph1193.png",all_images_user_approved,5
all,"Croppedmicrograph1195.png",all_images_user_approved,5
all,"Croppedmicrograph1196.png",all_images_user_approved,5
all,"Croppedmicrograph1197.png",all_images_user_approved,5
all,"Croppedmicrograph1198.png",all_images_user_approved,5
all,"Croppedmicrograph1199.png",all_images_user_approved,5
all,"Croppedmicrograph12.png",all_images_user_approved,5
all,"Croppedmicrograph1200.png",all_images_user_approved,5
all,"Croppedmicrograph1201.png",all_images_user_approved,5
all,"Croppedmicrograph1202.png",all_images_user_approved,5
all,"Croppedmicrograph1204.png",all_images_user_approved,5
all,"Croppedmicrograph1205.png",all_images_user_approved,5
all,"Croppedmicrograph1206.png",all_images_user_approved,5
all,"Croppedmicrograph1207.png",all_images_user_approved,5
all,"Croppedmicrograph121.png",all_images_user_approved,5
all,"Croppedmicrograph1210.png",all_images_user_approved,5
all,"Croppedmicrograph1213.png",all_images_user_approved,5
all,"Croppedmicrograph1214.png",all_images_user_approved,5
all,"Croppedmicrograph1215.png",all_images_user_approved,5
all,"Croppedmicrograph1216.png",all_images_user_approved,5
all,"Croppedmicrograph1217.png",all_images_user_approved,5
all,"Croppedmicrograph1218.png",all_images_user_approved,5
all,"Croppedmicrograph1219.png",all_images_user_approved,5
all,"Croppedmicrograph122.png",all_images_user_approved,5
all,"Croppedmicrograph1223.png",all_images_user_approved,5
all,"Croppedmicrograph1226.png",all_images_user_approved,5
all,"Croppedmicrograph1227.png",all_images_user_approved,5
all,"Croppedmicrograph1228.png",all_images_user_approved,5
all,"Croppedmicrograph1232.png",all_images_user_approved,5
all,"Croppedmicrograph1234.png",all_images_user_approved,5
all,"Croppedmicrograph1238.png",all_images_user_approved,5
all,"Croppedmicrograph1239.png",all_images_user_approved,5
all,"Croppedmicrograph124.png",all_images_user_approved,5
all,"Croppedmicrograph1240.png",all_images_user_approved,5
all,"Croppedmicrograph1241.png",all_images_user_approved,5
all,"Croppedmicrograph1243.png",all_images_user_approved,5
all,"Croppedmicrograph1247.png",all_images_user_approved,5
all,"Croppedmicrograph1248.png",all_images_user_approved,5
all,"Croppedmicrograph1249.png",all_images_user_approved,5
all,"Croppedmicrograph1252.png",all_images_user_approved,5
all,"Croppedmicrograph1254.png",all_images_user_approved,5
all,"Croppedmicrograph1255.png",all_images_user_approved,5
all,"Croppedmicrograph1256.png",all_images_user_approved,5
all,"Croppedmicrograph1257.png",all_images_user_approved,5
all,"Croppedmicrograph1259.png",all_images_user_approved,5
all,"Croppedmicrograph126.png",all_images_user_approved,5
all,"Croppedmicrograph1260.png",all_images_user_approved,5
all,"Croppedmicrograph1261.png",all_images_user_approved,5
all,"Croppedmicrograph1262.png",all_images_user_approved,5
all,"Croppedmicrograph1265.png",all_images_user_approved,5
all,"Croppedmicrograph1266.png",all_images_user_approved,5
all,"Croppedmicrograph1267.png",all_images_user_approved,5
all,"Croppedmicrograph1268.png",all_images_user_approved,5
all,"Croppedmicrograph127.png",all_images_user_approved,5
all,"Croppedmicrograph1271.png",all_images_user_approved,5
all,"Croppedmicrograph1272.png",all_images_user_approved,5
all,"Croppedmicrograph1273.png",all_images_user_approved,5
all,"Croppedmicrograph1274.png",all_images_user_approved,5
all,"Croppedmicrograph1279.png",all_images_user_approved,5
all,"Croppedmicrograph128.png",all_images_user_approved,5
all,"Croppedmicrograph1280.png",all_images_user_approved,5
all,"Croppedmicrograph1281.png",all_images_user_approved,5
all,"Croppedmicrograph1283.png",all_images_user_approved,5
all,"Croppedmicrograph1284.png",all_images_user_approved,5
all,"Croppedmicrograph1285.png",all_images_user_approved,5
all,"Croppedmicrograph1287.png",all_images_user_approved,5
all,"Croppedmicrograph1288.png",all_images_user_approved,5
all,"Croppedmicrograph1289.png",all_images_user_approved,5
all,"Croppedmicrograph1291.png",all_images_user_approved,5
all,"Croppedmicrograph1294.png",all_images_user_approved,5
all,"Croppedmicrograph1295.png",all_images_user_approved,5
all,"Croppedmicrograph1298.png",all_images_user_approved,5
all,"Croppedmicrograph13.png",all_images_user_approved,5
all,"Croppedmicrograph130.png",all_images_user_approved,5
all,"Croppedmicrograph1300.png",all_images_user_approved,5
all,"Croppedmicrograph1302.png",all_images_user_approved,5
all,"Croppedmicrograph1303.png",all_images_user_approved,5
all,"Croppedmicrograph1304.png",all_images_user_approved,5
all,"Croppedmicrograph1305.png",all_images_user_approved,5
all,"Croppedmicrograph1306.png",all_images_user_approved,5
all,"Croppedmicrograph1309.png",all_images_user_approved,5
all,"Croppedmicrograph131.png",all_images_user_approved,5
all,"Croppedmicrograph1311.png",all_images_user_approved,5
all,"Croppedmicrograph1316.png",all_images_user_approved,5
all,"Croppedmicrograph1318.png",all_images_user_approved,5
all,"Croppedmicrograph1321.png",all_images_user_approved,5
all,"Croppedmicrograph1322.png",all_images_user_approved,5
all,"Croppedmicrograph1324.png",all_images_user_approved,5
all,"Croppedmicrograph1326.png",all_images_user_approved,5
all,"Croppedmicrograph1327.png",all_images_user_approved,5
all,"Croppedmicrograph1329.png",all_images_user_approved,5
all,"Croppedmicrograph133.png",all_images_user_approved,5
all,"Croppedmicrograph1330.png",all_images_user_approved,5
all,"Croppedmicrograph1331.png",all_images_user_approved,5
all,"Croppedmicrograph1332.png",all_images_user_approved,5
all,"Croppedmicrograph1333.png",all_images_user_approved,5
all,"Croppedmicrograph1337.png",all_images_user_approved,5
all,"Croppedmicrograph1338.png",all_images_user_approved,5
all,"Croppedmicrograph1339.png",all_images_user_approved,5
all,"Croppedmicrograph1344.png",all_images_user_approved,5
all,"Croppedmicrograph1347.png",all_images_user_approved,5
all,"Croppedmicrograph1348.png",all_images_user_approved,5
all,"Croppedmicrograph1349.png",all_images_user_approved,5
all,"Croppedmicrograph135.png",all_images_user_approved,5
all,"Croppedmicrograph1351.png",all_images_user_approved,5
all,"Croppedmicrograph1356.png",all_images_user_approved,5
all,"Croppedmicrograph1357.png",all_images_user_approved,5
all,"Croppedmicrograph1358.png",all_images_user_approved,5
all,"Croppedmicrograph1359.png",all_images_user_approved,5
all,"Croppedmicrograph1361.png",all_images_user_approved,5
all,"Croppedmicrograph1364.png",all_images_user_approved,5
all,"Croppedmicrograph1366.png",all_images_user_approved,5
all,"Croppedmicrograph1367.png",all_images_user_approved,5
all,"Croppedmicrograph1368.png",all_images_user_approved,5
all,"Croppedmicrograph137.png",all_images_user_approved,5
all,"Croppedmicrograph1370.png",all_images_user_approved,5
all,"Croppedmicrograph1371.png",all_images_user_approved,5
all,"Croppedmicrograph1372.png",all_images_user_approved,5
all,"Croppedmicrograph1374.png",all_images_user_approved,5
all,"Croppedmicrograph1376.png",all_images_user_approved,5
all,"Croppedmicrograph1378.png",all_images_user_approved,5
all,"Croppedmicrograph1379.png",all_images_user_approved,5
all,"Croppedmicrograph138.png",all_images_user_approved,5
all,"Croppedmicrograph1384.png",all_images_user_approved,5
all,"Croppedmicrograph1385.png",all_images_user_approved,5
all,"Croppedmicrograph1388.png",all_images_user_approved,5
all,"Croppedmicrograph1389.png",all_images_user_approved,5
all,"Croppedmicrograph1390.png",all_images_user_approved,5
all,"Croppedmicrograph1391.png",all_images_user_approved,5
all,"Croppedmicrograph1392.png",all_images_user_approved,5
all,"Croppedmicrograph1393.png",all_images_user_approved,5
all,"Croppedmicrograph1394.png",all_images_user_approved,5
all,"Croppedmicrograph1395.png",all_images_user_approved,5
all,"Croppedmicrograph1396.png",all_images_user_approved,5
all,"Croppedmicrograph1397.png",all_images_user_approved,5
all,"Croppedmicrograph1398.png",all_images_user_approved,5
all,"Croppedmicrograph1399.png",all_images_user_approved,5
all,"Croppedmicrograph14.png",all_images_user_approved,5
all,"Croppedmicrograph1400.png",all_images_user_approved,5
all,"Croppedmicrograph1404.png",all_images_user_approved,5
all,"Croppedmicrograph1405.png",all_images_user_approved,5
all,"Croppedmicrograph1406.png",all_images_user_approved,5
all,"Croppedmicrograph1407.png",all_images_user_approved,5
all,"Croppedmicrograph1408.png",all_images_user_approved,5
all,"Croppedmicrograph1409.png",all_images_user_approved,5
all,"Croppedmicrograph1411.png",all_images_user_approved,5
all,"Croppedmicrograph1412.png",all_images_user_approved,5
all,"Croppedmicrograph1414.png",all_images_user_approved,5
all,"Croppedmicrograph1415.png",all_images_user_approved,5
all,"Croppedmicrograph1417.png",all_images_user_approved,5
all,"Croppedmicrograph1420.png",all_images_user_approved,5
all,"Croppedmicrograph1422.png",all_images_user_approved,5
all,"Croppedmicrograph1423.png",all_images_user_approved,5
all,"Croppedmicrograph1424.png",all_images_user_approved,5
all,"Croppedmicrograph1426.png",all_images_user_approved,5
all,"Croppedmicrograph1427.png",all_images_user_approved,5
all,"Croppedmicrograph1431.png",all_images_user_approved,5
all,"Croppedmicrograph1432.png",all_images_user_approved,5
all,"Croppedmicrograph1433.png",all_images_user_approved,5
all,"Croppedmicrograph1435.png",all_images_user_approved,5
all,"Croppedmicrograph1436.png",all_images_user_approved,5
all,"Croppedmicrograph1440.png",all_images_user_approved,5
all,"Croppedmicrograph1441.png",all_images_user_approved,5
all,"Croppedmicrograph1444.png",all_images_user_approved,5
all,"Croppedmicrograph1446.png",all_images_user_approved,5
all,"Croppedmicrograph1447.png",all_images_user_approved,5
all,"Croppedmicrograph1449.png",all_images_user_approved,5
all,"Croppedmicrograph1450.png",all_images_user_approved,5
all,"Croppedmicrograph1451.png",all_images_user_approved,5
all,"Croppedmicrograph1452.png",all_images_user_approved,5
all,"Croppedmicrograph1454.png",all_images_user_approved,5
all,"Croppedmicrograph1455.png",all_images_user_approved,5
all,"Croppedmicrograph1456.png",all_images_user_approved,5
all,"Croppedmicrograph1457.png",all_images_user_approved,5
all,"Croppedmicrograph1458.png",all_images_user_approved,5
all,"Croppedmicrograph1466.png",all_images_user_approved,5
all,"Croppedmicrograph1467.png",all_images_user_approved,5
all,"Croppedmicrograph1468.png",all_images_user_approved,5
all,"Croppedmicrograph1469.png",all_images_user_approved,5
all,"Croppedmicrograph1473.png",all_images_user_approved,5
all,"Croppedmicrograph1474.png",all_images_user_approved,5
all,"Croppedmicrograph1479.png",all_images_user_approved,5
all,"Croppedmicrograph148.png",all_images_user_approved,5
all,"Croppedmicrograph1482.png",all_images_user_approved,5
all,"Croppedmicrograph1483.png",all_images_user_approved,5
all,"Croppedmicrograph1485.png",all_images_user_approved,5
all,"Croppedmicrograph1487.png",all_images_user_approved,5
all,"Croppedmicrograph1489.png",all_images_user_approved,5
all,"Croppedmicrograph1490.png",all_images_user_approved,5
all,"Croppedmicrograph1492.png",all_images_user_approved,5
all,"Croppedmicrograph1497.png",all_images_user_approved,5
all,"Croppedmicrograph15.png",all_images_user_approved,5
all,"Croppedmicrograph150.png",all_images_user_approved,5
all,"Croppedmicrograph1500.png",all_images_user_approved,5
all,"Croppedmicrograph1501.png",all_images_user_approved,5
all,"Croppedmicrograph1502.png",all_images_user_approved,5
all,"Croppedmicrograph1503.png",all_images_user_approved,5
all,"Croppedmicrograph1504.png",all_images_user_approved,5
all,"Croppedmicrograph1506.png",all_images_user_approved,5
all,"Croppedmicrograph1507.png",all_images_user_approved,5
all,"Croppedmicrograph1509.png",all_images_user_approved,5
all,"Croppedmicrograph1510.png",all_images_user_approved,5
all,"Croppedmicrograph1513.png",all_images_user_approved,5
all,"Croppedmicrograph1514.png",all_images_user_approved,5
all,"Croppedmicrograph1515.png",all_images_user_approved,5
all,"Croppedmicrograph1516.png",all_images_user_approved,5
all,"Croppedmicrograph1517.png",all_images_user_approved,5
all,"Croppedmicrograph1518.png",all_images_user_approved,5
all,"Croppedmicrograph1519.png",all_images_user_approved,5
all,"Croppedmicrograph152.png",all_images_user_approved,5
all,"Croppedmicrograph1520.png",all_images_user_approved,5
all,"Croppedmicrograph1521.png",all_images_user_approved,5
all,"Croppedmicrograph1522.png",all_images_user_approved,5
all,"Croppedmicrograph1524.png",all_images_user_approved,5
all,"Croppedmicrograph1525.png",all_images_user_approved,5
all,"Croppedmicrograph1526.png",all_images_user_approved,5
all,"Croppedmicrograph1527.png",all_images_user_approved,5
all,"Croppedmicrograph1528.png",all_images_user_approved,5
all,"Croppedmicrograph1531.png",all_images_user_approved,5
all,"Croppedmicrograph1532.png",all_images_user_approved,5
all,"Croppedmicrograph1536.png",all_images_user_approved,5
all,"Croppedmicrograph1538.png",all_images_user_approved,5
all,"Croppedmicrograph1539.png",all_images_user_approved,5
all,"Croppedmicrograph154.png",all_images_user_approved,5
all,"Croppedmicrograph1540.png",all_images_user_approved,5
all,"Croppedmicrograph1542.png",all_images_user_approved,5
all,"Croppedmicrograph1543.png",all_images_user_approved,5
all,"Croppedmicrograph1544.png",all_images_user_approved,5
all,"Croppedmicrograph1549.png",all_images_user_approved,5
all,"Croppedmicrograph1551.png",all_images_user_approved,5
all,"Croppedmicrograph1552.png",all_images_user_approved,5
all,"Croppedmicrograph1554.png",all_images_user_approved,5
all,"Croppedmicrograph1555.png",all_images_user_approved,5
all,"Croppedmicrograph1556.png",all_images_user_approved,5
all,"Croppedmicrograph1558.png",all_images_user_approved,5
all,"Croppedmicrograph156.png",all_images_user_approved,5
all,"Croppedmicrograph1560.png",all_images_user_approved,5
all,"Croppedmicrograph1561.png",all_images_user_approved,5
all,"Croppedmicrograph1562.png",all_images_user_approved,5
all,"Croppedmicrograph1565.png",all_images_user_approved,5
all,"Croppedmicrograph1569.png",all_images_user_approved,5
all,"Croppedmicrograph157.png",all_images_user_approved,5
all,"Croppedmicrograph1570.png",all_images_user_approved,5
all,"Croppedmicrograph1571.png",all_images_user_approved,5
all,"Croppedmicrograph1572.png",all_images_user_approved,5
all,"Croppedmicrograph1573.png",all_images_user_approved,5
all,"Croppedmicrograph1574.png",all_images_user_approved,5
all,"Croppedmicrograph1575.png",all_images_user_approved,5
all,"Croppedmicrograph1579.png",all_images_user_approved,5
all,"Croppedmicrograph1580.png",all_images_user_approved,5
all,"Croppedmicrograph1581.png",all_images_user_approved,5
all,"Croppedmicrograph1582.png",all_images_user_approved,5
all,"Croppedmicrograph1583.png",all_images_user_approved,5
all,"Croppedmicrograph1584.png",all_images_user_approved,5
all,"Croppedmicrograph1586.png",all_images_user_approved,5
all,"Croppedmicrograph1587.png",all_images_user_approved,5
all,"Croppedmicrograph1588.png",all_images_user_approved,5
all,"Croppedmicrograph1589.png",all_images_user_approved,5
all,"Croppedmicrograph1593.png",all_images_user_approved,5
all,"Croppedmicrograph1595.png",all_images_user_approved,5
all,"Croppedmicrograph1597.png",all_images_user_approved,5
all,"Croppedmicrograph1599.png",all_images_user_approved,5
all,"Croppedmicrograph160.png",all_images_user_approved,5
all,"Croppedmicrograph1601.png",all_images_user_approved,5
all,"Croppedmicrograph1603.png",all_images_user_approved,5
all,"Croppedmicrograph1605.png",all_images_user_approved,5
all,"Croppedmicrograph1607.png",all_images_user_approved,5
all,"Croppedmicrograph1608.png",all_images_user_approved,5
all,"Croppedmicrograph161.png",all_images_user_approved,5
all,"Croppedmicrograph1610.png",all_images_user_approved,5
all,"Croppedmicrograph1611.png",all_images_user_approved,5
all,"Croppedmicrograph1613.png",all_images_user_approved,5
all,"Croppedmicrograph1615.png",all_images_user_approved,5
all,"Croppedmicrograph162.png",all_images_user_approved,5
all,"Croppedmicrograph1623.png",all_images_user_approved,5
all,"Croppedmicrograph1624.png",all_images_user_approved,5
all,"Croppedmicrograph1625.png",all_images_user_approved,5
all,"Croppedmicrograph1626.png",all_images_user_approved,5
all,"Croppedmicrograph1627.png",all_images_user_approved,5
all,"Croppedmicrograph1633.png",all_images_user_approved,5
all,"Croppedmicrograph1634.png",all_images_user_approved,5
all,"Croppedmicrograph1635.png",all_images_user_approved,5
all,"Croppedmicrograph1637.png",all_images_user_approved,5
all,"Croppedmicrograph1638.png",all_images_user_approved,5
all,"Croppedmicrograph1639.png",all_images_user_approved,5
all,"Croppedmicrograph1640.png",all_images_user_approved,5
all,"Croppedmicrograph1642.png",all_images_user_approved,5
all,"Croppedmicrograph1643.png",all_images_user_approved,5
all,"Croppedmicrograph1644.png",all_images_user_approved,5
all,"Croppedmicrograph1645.png",all_images_user_approved,5
all,"Croppedmicrograph1648.png",all_images_user_approved,5
all,"Croppedmicrograph1651.png",all_images_user_approved,5
all,"Croppedmicrograph1654.png",all_images_user_approved,5
all,"Croppedmicrograph1655.png",all_images_user_approved,5
all,"Croppedmicrograph1656.png",all_images_user_approved,5
all,"Croppedmicrograph1657.png",all_images_user_approved,5
all,"Croppedmicrograph166.png",all_images_user_approved,5
all,"Croppedmicrograph1661.png",all_images_user_approved,5
all,"Croppedmicrograph1662.png",all_images_user_approved,5
all,"Croppedmicrograph1666.png",all_images_user_approved,5
all,"Croppedmicrograph1667.png",all_images_user_approved,5
all,"Croppedmicrograph1668.png",all_images_user_approved,5
all,"Croppedmicrograph1671.png",all_images_user_approved,5
all,"Croppedmicrograph1672.png",all_images_user_approved,5
all,"Croppedmicrograph1675.png",all_images_user_approved,5
all,"Croppedmicrograph1676.png",all_images_user_approved,5
all,"Croppedmicrograph1677.png",all_images_user_approved,5
all,"Croppedmicrograph168.png",all_images_user_approved,5
all,"Croppedmicrograph1682.png",all_images_user_approved,5
all,"Croppedmicrograph1683.png",all_images_user_approved,5
all,"Croppedmicrograph1684.png",all_images_user_approved,5
all,"Croppedmicrograph1686.png",all_images_user_approved,5
all,"Croppedmicrograph1689.png",all_images_user_approved,5
all,"Croppedmicrograph169.png",all_images_user_approved,5
all,"Croppedmicrograph1693.png",all_images_user_approved,5
all,"Croppedmicrograph1694.png",all_images_user_approved,5
all,"Croppedmicrograph1696.png",all_images_user_approved,5
all,"Croppedmicrograph1697.png",all_images_user_approved,5
all,"Croppedmicrograph1698.png",all_images_user_approved,5
all,"Croppedmicrograph170.png",all_images_user_approved,5
all,"Croppedmicrograph1700.png",all_images_user_approved,5
all,"Croppedmicrograph1702.png",all_images_user_approved,5
all,"Croppedmicrograph1703.png",all_images_user_approved,5
all,"Croppedmicrograph1707.png",all_images_user_approved,5
all,"Croppedmicrograph171.png",all_images_user_approved,5
all,"Croppedmicrograph1710.png",all_images_user_approved,5
all,"Croppedmicrograph1712.png",all_images_user_approved,5
all,"Croppedmicrograph1716.png",all_images_user_approved,5
all,"Croppedmicrograph1718.png",all_images_user_approved,5
all,"Croppedmicrograph1719.png",all_images_user_approved,5
all,"Croppedmicrograph172.png",all_images_user_approved,5
all,"Croppedmicrograph1720.png",all_images_user_approved,5
all,"Croppedmicrograph1721.png",all_images_user_approved,5
all,"Croppedmicrograph1722.png",all_images_user_approved,5
all,"Croppedmicrograph1723.png",all_images_user_approved,5
all,"Croppedmicrograph1726.png",all_images_user_approved,5
all,"Croppedmicrograph173.png",all_images_user_approved,5
all,"Croppedmicrograph1730.png",all_images_user_approved,5
all,"Croppedmicrograph1731.png",all_images_user_approved,5
all,"Croppedmicrograph1732.png",all_images_user_approved,5
all,"Croppedmicrograph176.png",all_images_user_approved,5
all,"Croppedmicrograph177.png",all_images_user_approved,5
all,"Croppedmicrograph178.png",all_images_user_approved,5
all,"Croppedmicrograph18.png",all_images_user_approved,5
all,"Croppedmicrograph180.png",all_images_user_approved,5
all,"Croppedmicrograph184.png",all_images_user_approved,5
all,"Croppedmicrograph185.png",all_images_user_approved,5
all,"Croppedmicrograph186.png",all_images_user_approved,5
all,"Croppedmicrograph188.png",all_images_user_approved,5
all,"Croppedmicrograph189.png",all_images_user_approved,5
all,"Croppedmicrograph191.png",all_images_user_approved,5
all,"Croppedmicrograph192.png",all_images_user_approved,5
all,"Croppedmicrograph193.png",all_images_user_approved,5
all,"Croppedmicrograph194.png",all_images_user_approved,5
all,"Croppedmicrograph195.png",all_images_user_approved,5
all,"Croppedmicrograph196.png",all_images_user_approved,5
all,"Croppedmicrograph198.png",all_images_user_approved,5
all,"Croppedmicrograph2.png",all_images_user_approved,5
all,"Croppedmicrograph20.png",all_images_user_approved,5
all,"Croppedmicrograph200.png",all_images_user_approved,5
all,"Croppedmicrograph201.png",all_images_user_approved,5
all,"Croppedmicrograph202.png",all_images_user_approved,5
all,"Croppedmicrograph204.png",all_images_user_approved,5
all,"Croppedmicrograph205.png",all_images_user_approved,5
all,"Croppedmicrograph209.png",all_images_user_approved,5
all,"Croppedmicrograph21.png",all_images_user_approved,5
all,"Croppedmicrograph210.png",all_images_user_approved,5
all,"Croppedmicrograph211.png",all_images_user_approved,5
all,"Croppedmicrograph212.png",all_images_user_approved,5
all,"Croppedmicrograph214.png",all_images_user_approved,5
all,"Croppedmicrograph218.png",all_images_user_approved,5
all,"Croppedmicrograph220.png",all_images_user_approved,5
all,"Croppedmicrograph221.png",all_images_user_approved,5
all,"Croppedmicrograph222.png",all_images_user_approved,5
all,"Croppedmicrograph223.png",all_images_user_approved,5
all,"Croppedmicrograph224.png",all_images_user_approved,5
all,"Croppedmicrograph229.png",all_images_user_approved,5
all,"Croppedmicrograph231.png",all_images_user_approved,5
all,"Croppedmicrograph233.png",all_images_user_approved,5
all,"Croppedmicrograph234.png",all_images_user_approved,5
all,"Croppedmicrograph235.png",all_images_user_approved,5
all,"Croppedmicrograph237.png",all_images_user_approved,5
all,"Croppedmicrograph24.png",all_images_user_approved,5
all,"Croppedmicrograph242.png",all_images_user_approved,5
all,"Croppedmicrograph243.png",all_images_user_approved,5
all,"Croppedmicrograph245.png",all_images_user_approved,5
all,"Croppedmicrograph247.png",all_images_user_approved,5
all,"Croppedmicrograph248.png",all_images_user_approved,5
all,"Croppedmicrograph251.png",all_images_user_approved,5
all,"Croppedmicrograph252.png",all_images_user_approved,5
all,"Croppedmicrograph253.png",all_images_user_approved,5
all,"Croppedmicrograph255.png",all_images_user_approved,5
all,"Croppedmicrograph257.png",all_images_user_approved,5
all,"Croppedmicrograph26.png",all_images_user_approved,5
all,"Croppedmicrograph261.png",all_images_user_approved,5
all,"Croppedmicrograph265.png",all_images_user_approved,5
all,"Croppedmicrograph269.png",all_images_user_approved,5
all,"Croppedmicrograph271.png",all_images_user_approved,5
all,"Croppedmicrograph272.png",all_images_user_approved,5
all,"Croppedmicrograph273.png",all_images_user_approved,5
all,"Croppedmicrograph28.png",all_images_user_approved,5
all,"Croppedmicrograph280.png",all_images_user_approved,5
all,"Croppedmicrograph283.png",all_images_user_approved,5
all,"Croppedmicrograph284.png",all_images_user_approved,5
all,"Croppedmicrograph285.png",all_images_user_approved,5
all,"Croppedmicrograph286.png",all_images_user_approved,5
all,"Croppedmicrograph288.png",all_images_user_approved,5
all,"Croppedmicrograph29.png",all_images_user_approved,5
all,"Croppedmicrograph295.png",all_images_user_approved,5
all,"Croppedmicrograph296.png",all_images_user_approved,5
all,"Croppedmicrograph297.png",all_images_user_approved,5
all,"Croppedmicrograph30.png",all_images_user_approved,5
all,"Croppedmicrograph301.png",all_images_user_approved,5
all,"Croppedmicrograph305.png",all_images_user_approved,5
all,"Croppedmicrograph306.png",all_images_user_approved,5
all,"Croppedmicrograph308.png",all_images_user_approved,5
all,"Croppedmicrograph309.png",all_images_user_approved,5
all,"Croppedmicrograph31.png",all_images_user_approved,5
all,"Croppedmicrograph311.png",all_images_user_approved,5
all,"Croppedmicrograph312.png",all_images_user_approved,5
all,"Croppedmicrograph313.png",all_images_user_approved,5
all,"Croppedmicrograph314.png",all_images_user_approved,5
all,"Croppedmicrograph316.png",all_images_user_approved,5
all,"Croppedmicrograph318.png",all_images_user_approved,5
all,"Croppedmicrograph319.png",all_images_user_approved,5
all,"Croppedmicrograph32.png",all_images_user_approved,5
all,"Croppedmicrograph321.png",all_images_user_approved,5
all,"Croppedmicrograph322.png",all_images_user_approved,5
all,"Croppedmicrograph325.png",all_images_user_approved,5
all,"Croppedmicrograph326.png",all_images_user_approved,5
all,"Croppedmicrograph329.png",all_images_user_approved,5
all,"Croppedmicrograph33.png",all_images_user_approved,5
all,"Croppedmicrograph330.png",all_images_user_approved,5
all,"Croppedmicrograph333.png",all_images_user_approved,5
all,"Croppedmicrograph337.png",all_images_user_approved,5
all,"Croppedmicrograph342.png",all_images_user_approved,5
all,"Croppedmicrograph343.png",all_images_user_approved,5
all,"Croppedmicrograph345.png",all_images_user_approved,5
all,"Croppedmicrograph346.png",all_images_user_approved,5
all,"Croppedmicrograph347.png",all_images_user_approved,5
all,"Croppedmicrograph349.png",all_images_user_approved,5
all,"Croppedmicrograph35.png",all_images_user_approved,5
all,"Croppedmicrograph351.png",all_images_user_approved,5
all,"Croppedmicrograph352.png",all_images_user_approved,5
all,"Croppedmicrograph353.png",all_images_user_approved,5
all,"Croppedmicrograph354.png",all_images_user_approved,5
all,"Croppedmicrograph357.png",all_images_user_approved,5
all,"Croppedmicrograph359.png",all_images_user_approved,5
all,"Croppedmicrograph36.png",all_images_user_approved,5
all,"Croppedmicrograph360.png",all_images_user_approved,5
all,"Croppedmicrograph363.png",all_images_user_approved,5
all,"Croppedmicrograph364.png",all_images_user_approved,5
all,"Croppedmicrograph366.png",all_images_user_approved,5
all,"Croppedmicrograph367.png",all_images_user_approved,5
all,"Croppedmicrograph368.png",all_images_user_approved,5
all,"Croppedmicrograph369.png",all_images_user_approved,5
all,"Croppedmicrograph37.png",all_images_user_approved,5
all,"Croppedmicrograph371.png",all_images_user_approved,5
all,"Croppedmicrograph373.png",all_images_user_approved,5
all,"Croppedmicrograph375.png",all_images_user_approved,5
all,"Croppedmicrograph376.png",all_images_user_approved,5
all,"Croppedmicrograph380.png",all_images_user_approved,5
all,"Croppedmicrograph381.png",all_images_user_approved,5
all,"Croppedmicrograph382.png",all_images_user_approved,5
all,"Croppedmicrograph383.png",all_images_user_approved,5
all,"Croppedmicrograph384.png",all_images_user_approved,5
all,"Croppedmicrograph386.png",all_images_user_approved,5
all,"Croppedmicrograph387.png",all_images_user_approved,5
all,"Croppedmicrograph388.png",all_images_user_approved,5
all,"Croppedmicrograph39.png",all_images_user_approved,5
all,"Croppedmicrograph391.png",all_images_user_approved,5
all,"Croppedmicrograph392.png",all_images_user_approved,5
all,"Croppedmicrograph396.png",all_images_user_approved,5
all,"Croppedmicrograph397.png",all_images_user_approved,5
all,"Croppedmicrograph398.png",all_images_user_approved,5
all,"Croppedmicrograph4.png",all_images_user_approved,5
all,"Croppedmicrograph401.png",all_images_user_approved,5
all,"Croppedmicrograph402.png",all_images_user_approved,5
all,"Croppedmicrograph403.png",all_images_user_approved,5
all,"Croppedmicrograph404.png",all_images_user_approved,5
all,"Croppedmicrograph406.png",all_images_user_approved,5
all,"Croppedmicrograph407.png",all_images_user_approved,5
all,"Croppedmicrograph408.png",all_images_user_approved,5
all,"Croppedmicrograph41.png",all_images_user_approved,5
all,"Croppedmicrograph411.png",all_images_user_approved,5
all,"Croppedmicrograph418.png",all_images_user_approved,5
all,"Croppedmicrograph419.png",all_images_user_approved,5
all,"Croppedmicrograph42.png",all_images_user_approved,5
all,"Croppedmicrograph421.png",all_images_user_approved,5
all,"Croppedmicrograph422.png",all_images_user_approved,5
all,"Croppedmicrograph427.png",all_images_user_approved,5
all,"Croppedmicrograph430.png",all_images_user_approved,5
all,"Croppedmicrograph431.png",all_images_user_approved,5
all,"Croppedmicrograph433.png",all_images_user_approved,5
all,"Croppedmicrograph435.png",all_images_user_approved,5
all,"Croppedmicrograph436.png",all_images_user_approved,5
all,"Croppedmicrograph437.png",all_images_user_approved,5
all,"Croppedmicrograph44.png",all_images_user_approved,5
all,"Croppedmicrograph440.png",all_images_user_approved,5
all,"Croppedmicrograph441.png",all_images_user_approved,5
all,"Croppedmicrograph442.png",all_images_user_approved,5
all,"Croppedmicrograph443.png",all_images_user_approved,5
all,"Croppedmicrograph447.png",all_images_user_approved,5
all,"Croppedmicrograph449.png",all_images_user_approved,5
all,"Croppedmicrograph451.png",all_images_user_approved,5
all,"Croppedmicrograph452.png",all_images_user_approved,5
all,"Croppedmicrograph453.png",all_images_user_approved,5
all,"Croppedmicrograph454.png",all_images_user_approved,5
all,"Croppedmicrograph457.png",all_images_user_approved,5
all,"Croppedmicrograph458.png",all_images_user_approved,5
all,"Croppedmicrograph459.png",all_images_user_approved,5
all,"Croppedmicrograph46.png",all_images_user_approved,5
all,"Croppedmicrograph463.png",all_images_user_approved,5
all,"Croppedmicrograph464.png",all_images_user_approved,5
all,"Croppedmicrograph465.png",all_images_user_approved,5
all,"Croppedmicrograph466.png",all_images_user_approved,5
all,"Croppedmicrograph468.png",all_images_user_approved,5
all,"Croppedmicrograph47.png",all_images_user_approved,5
all,"Croppedmicrograph470.png",all_images_user_approved,5
all,"Croppedmicrograph471.png",all_images_user_approved,5
all,"Croppedmicrograph472.png",all_images_user_approved,5
all,"Croppedmicrograph474.png",all_images_user_approved,5
all,"Croppedmicrograph475.png",all_images_user_approved,5
all,"Croppedmicrograph477.png",all_images_user_approved,5
all,"Croppedmicrograph479.png",all_images_user_approved,5
all,"Croppedmicrograph48.png",all_images_user_approved,5
all,"Croppedmicrograph480.png",all_images_user_approved,5
all,"Croppedmicrograph481.png",all_images_user_approved,5
all,"Croppedmicrograph483.png",all_images_user_approved,5
all,"Croppedmicrograph484.png",all_images_user_approved,5
all,"Croppedmicrograph486.png",all_images_user_approved,5
all,"Croppedmicrograph487.png",all_images_user_approved,5
all,"Croppedmicrograph488.png",all_images_user_approved,5
all,"Croppedmicrograph489.png",all_images_user_approved,5
all,"Croppedmicrograph49.png",all_images_user_approved,5
all,"Croppedmicrograph490.png",all_images_user_approved,5
all,"Croppedmicrograph492.png",all_images_user_approved,5
all,"Croppedmicrograph493.png",all_images_user_approved,5
all,"Croppedmicrograph495.png",all_images_user_approved,5
all,"Croppedmicrograph496.png",all_images_user_approved,5
all,"Croppedmicrograph499.png",all_images_user_approved,5
all,"Croppedmicrograph5.png",all_images_user_approved,5
all,"Croppedmicrograph500.png",all_images_user_approved,5
all,"Croppedmicrograph501.png",all_images_user_approved,5
all,"Croppedmicrograph502.png",all_images_user_approved,5
all,"Croppedmicrograph507.png",all_images_user_approved,5
all,"Croppedmicrograph51.png",all_images_user_approved,5
all,"Croppedmicrograph512.png",all_images_user_approved,5
all,"Croppedmicrograph514.png",all_images_user_approved,5
all,"Croppedmicrograph515.png",all_images_user_approved,5
all,"Croppedmicrograph517.png",all_images_user_approved,5
all,"Croppedmicrograph518.png",all_images_user_approved,5
all,"Croppedmicrograph52.png",all_images_user_approved,5
all,"Croppedmicrograph520.png",all_images_user_approved,5
all,"Croppedmicrograph522.png",all_images_user_approved,5
all,"Croppedmicrograph523.png",all_images_user_approved,5
all,"Croppedmicrograph524.png",all_images_user_approved,5
all,"Croppedmicrograph528.png",all_images_user_approved,5
all,"Croppedmicrograph53.png",all_images_user_approved,5
all,"Croppedmicrograph530.png",all_images_user_approved,5
all,"Croppedmicrograph532.png",all_images_user_approved,5
all,"Croppedmicrograph534.png",all_images_user_approved,5
all,"Croppedmicrograph535.png",all_images_user_approved,5
all,"Croppedmicrograph536.png",all_images_user_approved,5
all,"Croppedmicrograph537.png",all_images_user_approved,5
all,"Croppedmicrograph541.png",all_images_user_approved,5
all,"Croppedmicrograph543.png",all_images_user_approved,5
all,"Croppedmicrograph544.png",all_images_user_approved,5
all,"Croppedmicrograph545.png",all_images_user_approved,5
all,"Croppedmicrograph546.png",all_images_user_approved,5
all,"Croppedmicrograph548.png",all_images_user_approved,5
all,"Croppedmicrograph551.png",all_images_user_approved,5
all,"Croppedmicrograph553.png",all_images_user_approved,5
all,"Croppedmicrograph554.png",all_images_user_approved,5
all,"Croppedmicrograph555.png",all_images_user_approved,5
all,"Croppedmicrograph558.png",all_images_user_approved,5
all,"Croppedmicrograph561.png",all_images_user_approved,5
all,"Croppedmicrograph565.png",all_images_user_approved,5
all,"Croppedmicrograph566.png",all_images_user_approved,5
all,"Croppedmicrograph567.png",all_images_user_approved,5
all,"Croppedmicrograph568.png",all_images_user_approved,5
all,"Croppedmicrograph569.png",all_images_user_approved,5
all,"Croppedmicrograph572.png",all_images_user_approved,5
all,"Croppedmicrograph573.png",all_images_user_approved,5
all,"Croppedmicrograph576.png",all_images_user_approved,5
all,"Croppedmicrograph579.png",all_images_user_approved,5
all,"Croppedmicrograph58.png",all_images_user_approved,5
all,"Croppedmicrograph584.png",all_images_user_approved,5
all,"Croppedmicrograph586.png",all_images_user_approved,5
all,"Croppedmicrograph589.png",all_images_user_approved,5
all,"Croppedmicrograph59.png",all_images_user_approved,5
all,"Croppedmicrograph592.png",all_images_user_approved,5
all,"Croppedmicrograph594.png",all_images_user_approved,5
all,"Croppedmicrograph596.png",all_images_user_approved,5
all,"Croppedmicrograph597.png",all_images_user_approved,5
all,"Croppedmicrograph598.png",all_images_user_approved,5
all,"Croppedmicrograph599.png",all_images_user_approved,5
all,"Croppedmicrograph6.png",all_images_user_approved,5
all,"Croppedmicrograph60.png",all_images_user_approved,5
all,"Croppedmicrograph601.png",all_images_user_approved,5
all,"Croppedmicrograph602.png",all_images_user_approved,5
all,"Croppedmicrograph604.png",all_images_user_approved,5
all,"Croppedmicrograph607.png",all_images_user_approved,5
all,"Croppedmicrograph608.png",all_images_user_approved,5
all,"Croppedmicrograph609.png",all_images_user_approved,5
all,"Croppedmicrograph610.png",all_images_user_approved,5
all,"Croppedmicrograph611.png",all_images_user_approved,5
all,"Croppedmicrograph615.png",all_images_user_approved,5
all,"Croppedmicrograph616.png",all_images_user_approved,5
all,"Croppedmicrograph62.png",all_images_user_approved,5
all,"Croppedmicrograph625.png",all_images_user_approved,5
all,"Croppedmicrograph626.png",all_images_user_approved,5
all,"Croppedmicrograph628.png",all_images_user_approved,5
all,"Croppedmicrograph632.png",all_images_user_approved,5
all,"Croppedmicrograph633.png",all_images_user_approved,5
all,"Croppedmicrograph637.png",all_images_user_approved,5
all,"Croppedmicrograph639.png",all_images_user_approved,5
all,"Croppedmicrograph640.png",all_images_user_approved,5
all,"Croppedmicrograph641.png",all_images_user_approved,5
all,"Croppedmicrograph642.png",all_images_user_approved,5
all,"Croppedmicrograph643.png",all_images_user_approved,5
all,"Croppedmicrograph644.png",all_images_user_approved,5
all,"Croppedmicrograph646.png",all_images_user_approved,5
all,"Croppedmicrograph648.png",all_images_user_approved,5
all,"Croppedmicrograph649.png",all_images_user_approved,5
all,"Croppedmicrograph65.png",all_images_user_approved,5
all,"Croppedmicrograph650.png",all_images_user_approved,5
all,"Croppedmicrograph652.png",all_images_user_approved,5
all,"Croppedmicrograph655.png",all_images_user_approved,5
all,"Croppedmicrograph656.png",all_images_user_approved,5
all,"Croppedmicrograph659.png",all_images_user_approved,5
all,"Croppedmicrograph660.png",all_images_user_approved,5
all,"Croppedmicrograph664.png",all_images_user_approved,5
all,"Croppedmicrograph67.png",all_images_user_approved,5
all,"Croppedmicrograph670.png",all_images_user_approved,5
all,"Croppedmicrograph671.png",all_images_user_approved,5
all,"Croppedmicrograph672.png",all_images_user_approved,5
all,"Croppedmicrograph676.png",all_images_user_approved,5
all,"Croppedmicrograph677.png",all_images_user_approved,5
all,"Croppedmicrograph678.png",all_images_user_approved,5
all,"Croppedmicrograph679.png",all_images_user_approved,5
all,"Croppedmicrograph68.png",all_images_user_approved,5
all,"Croppedmicrograph681.png",all_images_user_approved,5
all,"Croppedmicrograph682.png",all_images_user_approved,5
all,"Croppedmicrograph683.png",all_images_user_approved,5
all,"Croppedmicrograph684.png",all_images_user_approved,5
all,"Croppedmicrograph685.png",all_images_user_approved,5
all,"Croppedmicrograph687.png",all_images_user_approved,5
all,"Croppedmicrograph689.png",all_images_user_approved,5
all,"Croppedmicrograph69.png",all_images_user_approved,5
all,"Croppedmicrograph690.png",all_images_user_approved,5
all,"Croppedmicrograph691.png",all_images_user_approved,5
all,"Croppedmicrograph694.png",all_images_user_approved,5
all,"Croppedmicrograph699.png",all_images_user_approved,5
all,"Croppedmicrograph7.png",all_images_user_approved,5
all,"Croppedmicrograph70.png",all_images_user_approved,5
all,"Croppedmicrograph702.png",all_images_user_approved,5
all,"Croppedmicrograph704.png",all_images_user_approved,5
all,"Croppedmicrograph705.png",all_images_user_approved,5
all,"Croppedmicrograph706.png",all_images_user_approved,5
all,"Croppedmicrograph707.png",all_images_user_approved,5
all,"Croppedmicrograph708.png",all_images_user_approved,5
all,"Croppedmicrograph71.png",all_images_user_approved,5
all,"Croppedmicrograph710.png",all_images_user_approved,5
all,"Croppedmicrograph714.png",all_images_user_approved,5
all,"Croppedmicrograph716.png",all_images_user_approved,5
all,"Croppedmicrograph717.png",all_images_user_approved,5
all,"Croppedmicrograph718.png",all_images_user_approved,5
all,"Croppedmicrograph72.png",all_images_user_approved,5
all,"Croppedmicrograph721.png",all_images_user_approved,5
all,"Croppedmicrograph725.png",all_images_user_approved,5
all,"Croppedmicrograph727.png",all_images_user_approved,5
all,"Croppedmicrograph728.png",all_images_user_approved,5
all,"Croppedmicrograph732.png",all_images_user_approved,5
all,"Croppedmicrograph734.png",all_images_user_approved,5
all,"Croppedmicrograph736.png",all_images_user_approved,5
all,"Croppedmicrograph737.png",all_images_user_approved,5
all,"Croppedmicrograph738.png",all_images_user_approved,5
all,"Croppedmicrograph74.png",all_images_user_approved,5
all,"Croppedmicrograph741.png",all_images_user_approved,5
all,"Croppedmicrograph742.png",all_images_user_approved,5
all,"Croppedmicrograph744.png",all_images_user_approved,5
all,"Croppedmicrograph745.png",all_images_user_approved,5
all,"Croppedmicrograph746.png",all_images_user_approved,5
all,"Croppedmicrograph747.png",all_images_user_approved,5
all,"Croppedmicrograph749.png",all_images_user_approved,5
all,"Croppedmicrograph75.png",all_images_user_approved,5
all,"Croppedmicrograph753.png",all_images_user_approved,5
all,"Croppedmicrograph755.png",all_images_user_approved,5
all,"Croppedmicrograph756.png",all_images_user_approved,5
all,"Croppedmicrograph757.png",all_images_user_approved,5
all,"Croppedmicrograph758.png",all_images_user_approved,5
all,"Croppedmicrograph76.png",all_images_user_approved,5
all,"Croppedmicrograph762.png",all_images_user_approved,5
all,"Croppedmicrograph764.png",all_images_user_approved,5
all,"Croppedmicrograph765.png",all_images_user_approved,5
all,"Croppedmicrograph768.png",all_images_user_approved,5
all,"Croppedmicrograph771.png",all_images_user_approved,5
all,"Croppedmicrograph772.png",all_images_user_approved,5
all,"Croppedmicrograph773.png",all_images_user_approved,5
all,"Croppedmicrograph775.png",all_images_user_approved,5
all,"Croppedmicrograph776.png",all_images_user_approved,5
all,"Croppedmicrograph779.png",all_images_user_approved,5
all,"Croppedmicrograph784.png",all_images_user_approved,5
all,"Croppedmicrograph785.png",all_images_user_approved,5
all,"Croppedmicrograph791.png",all_images_user_approved,5
all,"Croppedmicrograph795.png",all_images_user_approved,5
all,"Croppedmicrograph796.png",all_images_user_approved,5
all,"Croppedmicrograph798.png",all_images_user_approved,5
all,"Croppedmicrograph799.png",all_images_user_approved,5
all,"Croppedmicrograph8.png",all_images_user_approved,5
all,"Croppedmicrograph80.png",all_images_user_approved,5
all,"Croppedmicrograph803.png",all_images_user_approved,5
all,"Croppedmicrograph805.png",all_images_user_approved,5
all,"Croppedmicrograph806.png",all_images_user_approved,5
all,"Croppedmicrograph807.png",all_images_user_approved,5
all,"Croppedmicrograph808.png",all_images_user_approved,5
all,"Croppedmicrograph811.png",all_images_user_approved,5
all,"Croppedmicrograph813.png",all_images_user_approved,5
all,"Croppedmicrograph814.png",all_images_user_approved,5
all,"Croppedmicrograph815.png",all_images_user_approved,5
all,"Croppedmicrograph816.png",all_images_user_approved,5
all,"Croppedmicrograph82.png",all_images_user_approved,5
all,"Croppedmicrograph820.png",all_images_user_approved,5
all,"Croppedmicrograph821.png",all_images_user_approved,5
all,"Croppedmicrograph825.png",all_images_user_approved,5
all,"Croppedmicrograph828.png",all_images_user_approved,5
all,"Croppedmicrograph831.png",all_images_user_approved,5
all,"Croppedmicrograph832.png",all_images_user_approved,5
all,"Croppedmicrograph833.png",all_images_user_approved,5
all,"Croppedmicrograph835.png",all_images_user_approved,5
all,"Croppedmicrograph836.png",all_images_user_approved,5
all,"Croppedmicrograph841.png",all_images_user_approved,5
all,"Croppedmicrograph843.png",all_images_user_approved,5
all,"Croppedmicrograph844.png",all_images_user_approved,5
all,"Croppedmicrograph845.png",all_images_user_approved,5
all,"Croppedmicrograph847.png",all_images_user_approved,5
all,"Croppedmicrograph850.png",all_images_user_approved,5
all,"Croppedmicrograph852.png",all_images_user_approved,5
all,"Croppedmicrograph854.png",all_images_user_approved,5
all,"Croppedmicrograph855.png",all_images_user_approved,5
all,"Croppedmicrograph857.png",all_images_user_approved,5
all,"Croppedmicrograph858.png",all_images_user_approved,5
all,"Croppedmicrograph859.png",all_images_user_approved,5
all,"Croppedmicrograph86.png",all_images_user_approved,5
all,"Croppedmicrograph861.png",all_images_user_approved,5
all,"Croppedmicrograph862.png",all_images_user_approved,5
all,"Croppedmicrograph864.png",all_images_user_approved,5
all,"Croppedmicrograph865.png",all_images_user_approved,5
all,"Croppedmicrograph866.png",all_images_user_approved,5
all,"Croppedmicrograph867.png",all_images_user_approved,5
all,"Croppedmicrograph871.png",all_images_user_approved,5
all,"Croppedmicrograph873.png",all_images_user_approved,5
all,"Croppedmicrograph875.png",all_images_user_approved,5
all,"Croppedmicrograph877.png",all_images_user_approved,5
all,"Croppedmicrograph88.png",all_images_user_approved,5
all,"Croppedmicrograph880.png",all_images_user_approved,5
all,"Croppedmicrograph881.png",all_images_user_approved,5
all,"Croppedmicrograph882.png",all_images_user_approved,5
all,"Croppedmicrograph883.png",all_images_user_approved,5
all,"Croppedmicrograph884.png",all_images_user_approved,5
all,"Croppedmicrograph885.png",all_images_user_approved,5
all,"Croppedmicrograph887.png",all_images_user_approved,5
all,"Croppedmicrograph888.png",all_images_user_approved,5
all,"Croppedmicrograph889.png",all_images_user_approved,5
all,"Croppedmicrograph89.png",all_images_user_approved,5
all,"Croppedmicrograph890.png",all_images_user_approved,5
all,"Croppedmicrograph891.png",all_images_user_approved,5
all,"Croppedmicrograph893.png",all_images_user_approved,5
all,"Croppedmicrograph894.png",all_images_user_approved,5
all,"Croppedmicrograph896.png",all_images_user_approved,5
all,"Croppedmicrograph897.png",all_images_user_approved,5
all,"Croppedmicrograph9.png",all_images_user_approved,5
all,"Croppedmicrograph90.png",all_images_user_approved,5
all,"Croppedmicrograph905.png",all_images_user_approved,5
all,"Croppedmicrograph906.png",all_images_user_approved,5
all,"Croppedmicrograph907.png",all_images_user_approved,5
all,"Croppedmicrograph908.png",all_images_user_approved,5
all,"Croppedmicrograph909.png",all_images_user_approved,5
all,"Croppedmicrograph91.png",all_images_user_approved,5
all,"Croppedmicrograph910.png",all_images_user_approved,5
all,"Croppedmicrograph911.png",all_images_user_approved,5
all,"Croppedmicrograph912.png",all_images_user_approved,5
all,"Croppedmicrograph914.png",all_images_user_approved,5
all,"Croppedmicrograph915.png",all_images_user_approved,5
all,"Croppedmicrograph916.png",all_images_user_approved,5
all,"Croppedmicrograph917.png",all_images_user_approved,5
all,"Croppedmicrograph918.png",all_images_user_approved,5
all,"Croppedmicrograph920.png",all_images_user_approved,5
all,"Croppedmicrograph921.png",all_images_user_approved,5
all,"Croppedmicrograph922.png",all_images_user_approved,5
all,"Croppedmicrograph925.png",all_images_user_approved,5
all,"Croppedmicrograph926.png",all_images_user_approved,5
all,"Croppedmicrograph927.png",all_images_user_approved,5
all,"Croppedmicrograph928.png",all_images_user_approved,5
all,"Croppedmicrograph931.png",all_images_user_approved,5
all,"Croppedmicrograph932.png",all_images_user_approved,5
all,"Croppedmicrograph933.png",all_images_user_approved,5
all,"Croppedmicrograph934.png",all_images_user_approved,5
all,"Croppedmicrograph935.png",all_images_user_approved,5
all,"Croppedmicrograph936.png",all_images_user_approved,5
all,"Croppedmicrograph939.png",all_images_user_approved,5
all,"Croppedmicrograph941.png",all_images_user_approved,5
all,"Croppedmicrograph947.png",all_images_user_approved,5
all,"Croppedmicrograph949.png",all_images_user_approved,5
all,"Croppedmicrograph95.png",all_images_user_approved,5
all,"Croppedmicrograph951.png",all_images_user_approved,5
all,"Croppedmicrograph952.png",all_images_user_approved,5
all,"Croppedmicrograph953.png",all_images_user_approved,5
all,"Croppedmicrograph954.png",all_images_user_approved,5
all,"Croppedmicrograph955.png",all_images_user_approved,5
all,"Croppedmicrograph956.png",all_images_user_approved,5
all,"Croppedmicrograph959.png",all_images_user_approved,5
all,"Croppedmicrograph961.png",all_images_user_approved,5
all,"Croppedmicrograph963.png",all_images_user_approved,5
all,"Croppedmicrograph965.png",all_images_user_approved,5
all,"Croppedmicrograph967.png",all_images_user_approved,5
all,"Croppedmicrograph968.png",all_images_user_approved,5
all,"Croppedmicrograph97.png",all_images_user_approved,5
all,"Croppedmicrograph970.png",all_images_user_approved,5
all,"Croppedmicrograph971.png",all_images_user_approved,5
all,"Croppedmicrograph973.png",all_images_user_approved,5
all,"Croppedmicrograph974.png",all_images_user_approved,5
all,"Croppedmicrograph98.png",all_images_user_approved,5
all,"Croppedmicrograph984.png",all_images_user_approved,5
all,"Croppedmicrograph985.png",all_images_user_approved,5
all,"Croppedmicrograph986.png",all_images_user_approved,5
all,"Croppedmicrograph989.png",all_images_user_approved,5
all,"Croppedmicrograph99.png",all_images_user_approved,5
all,"Croppedmicrograph990.png",all_images_user_approved,5
all,"Croppedmicrograph991.png",all_images_user_approved,5
all,"Croppedmicrograph994.png",all_images_user_approved,5
all,"Croppedmicrograph995.png",all_images_user_approved,5
all,"Croppedmicrograph997.png",all_images_user_approved,5
all,"Croppedmicrograph998.png",all_images_user_approved,5
all,"Croppedmicrograph999.png",all_images_user_approved,5
